{"cameraMode":{"drawMode":0,"name":"Shaded","section":"Shading Mode"},"sceneLighting":false,"audioPlay":false,"sceneViewState":{"showFog":true,"showMaterialUpdate":true,"showSkybox":false,"showFlares":true,"showImageEffects":true,"showParticleSystems":true,"showVisualEffectGraphs":true,"m_FxEnabled":true},"in2DMode":false,"pivot":{"x":0.3877560496330261,"y":1.2799384593963624,"z":-0.5500280857086182},"rotation":{"x":0.003723578527569771,"y":0.9628757834434509,"z":-0.013297799043357373,"w":0.26958200335502627},"size":1.2247449159622193,"orthographic":false}